ECTRL ID,Surplus Weight
27849502,381.4671361680751
27851139,356.2935620206574
27852222,358.90024491174444
27857275,783.5842381563122
27876306,381.67307732981243
27885558,1227.863069052912
27887117,494.5918110945953
27903983,381.5494992949335
27905735,352.9027824759746
27906943,358.0997212324668
27905906,726.7319475318949
27906100,699.7113068256963
27906839,1054.0240761579553
27909309,265.79774529581755
27910273,461.4057600611674
27912175,629.2078024591881
27912562,282.4002068909948
27912928,221.80217585941335
27913307,104.07302669555357
27913454,162.8824664057568
27913287,170.9285602477147
27913405,217.4406660947156
27913995,80.25961183106661
27913736,472.98400202975347
27914296,17.080399646664905
27914069,127.97573130821078
27914126,97.95462256158626
27914177,266.9705054344595
27914368,180.339618431964
27914687,95.66745482878645
27913994,111.54409041072739
27914326,424.9280328144192
27914386,876.7362388038746
27914472,112.39990514209586
27913942,4060.822798412401
27914668,227.13719669081303
27914825,44.59170910766102
27914606,220.38153091340692
27914908,86.16210326779398
27915401,172.1978292236905
27914593,43.61700065954815
27914990,132.92465897274965
27915436,192.67989208394525
27915163,565.083234079222
27915499,86.14257999004909
27914584,133.76728238812566
27915462,83.43149474680949
27915455,193.69018734580976
27914099,54.334209037915215
27915618,477.92734461396805
27933150,318.05166335238056
27932477,381.30246324840357
27932952,767.19523576541
27933747,742.196424154906
27934255,352.3721544161144
27935536,359.7346879517694
27939204,1228.7118094246025
28012068,999.2481973482237
28012597,1148.079504853909
28012799,603.5060503944457
28012755,1438.4835554504064
28012957,743.5530623122262
28012980,623.259222628017
28018808,683.1386469833209
28020629,906.697501725087
28020707,784.7476411522722
28020678,221.9012540353198
28021875,59.17400489862024
28022391,267.1606618127595
28021529,302.9753880624597
28022648,65.68352102311339
28022505,314.1570149577868
28022540,156.95177881591408
28023313,685.1636541309463
28023416,86.14257999004909
28022402,43.59102856912183
28023508,277.0095564631983
28023512,24.75403041602846
28023180,87.81349340313969
28022963,155.84564975132844
28023446,729.8029462241498
28023224,97.08012825166192
28022905,110.35255005321343
28023321,146.56262670936542
28023561,222.2050940447859
28023307,43.78619685060797
28023496,313.24480935967847
28048046,571.829672359925
28050979,623.6297841771088
28042262,266.3157005656956
28048839,921.9505458473396
28048958,58.73773837516743
28049786,472.93808693213714
28049414,1065.2771559351108
28049916,208.82848729620557
28049667,381.3436248127587
28050094,330.489190720656
28050229,684.3339996565833
28049584,94.24996386801493
28049937,4092.8791716176356
28049911,168.85284611422756
28050206,371.67461425353275
28050243,17.070228986659032
28050201,519.9341803882638
28049935,57.935436232636306
28049499,2416.3878277804297
28049723,666.4359623330503
28050597,95.5393664304637
28050359,57.550923112619756
28050313,392.7701109512474
28050811,433.7550342394759
28050614,220.10444509813905
28050307,199.27960756217954
28050365,923.5791345845307
28050295,1015.1368891203834
28050622,134.42139274866904
28050630,88.53207293158636
28050610,601.3076316714438
28050704,472.79097336100364
28050784,86.14257999004909
28050730,150.21643998546534
28051371,83.53264318158222
28050848,692.456882691301
28050592,220.42306170319188
28050632,566.2369092119723
28051393,1569.0116665984933
28051395,684.3339996565833
28051468,86.14257999004909
28051091,155.9617269250631
28051528,314.2331518935913
28067187,1078.6817976386515
28068011,2615.8981888852654
28067042,1746.800018391424
28068063,1757.805056385412
28068852,304.3047139559524
28070164,1575.4511090944948
28072036,85.73345877534426
28073053,571.7987179063637
28075081,1228.1055064605068
28078560,496.2725794243337
28095251,1894.6587302808264
28095106,4094.3161456443568
28096777,445.5076188313866
28096782,553.1544849464101
28104000,3874.3478603540143
28097433,1054.962755752198
28096653,699.8494624552529
28103580,222.0003764690965
28105474,44.567126967925105
28105280,88.5125476175146
28105179,220.4668582435098
28105927,169.03707330169453
28106162,86.13607321390484
28106063,192.83484462034082
28105636,132.54527389750237
28106285,313.24480935967847
28122818,1747.4898859948087
28123101,383.0350802198274
28123601,760.1015999570002
28124046,780.3346255362998
28123918,2617.45104774101
28127839,170.73403264882953
28128089,164.81181382013145
28124151,1439.0422563347747
28124428,742.6727985154437
28124559,806.3437460019885
28124916,352.56035040408267
28126232,358.5477942562761
28128563,-97.94763433428453
28131091,1663.6651070952275
28133828,372.4409607617252
28135093,690.1627462271874
28135133,171.5070919392211
28203086,381.6593444607796
28203750,1765.5152580547795
28204039,355.3943988380186
28203552,762.0049474239231
28201042,468.4186463733603
28203756,729.3165318394173
28203396,2013.720082019718
28203949,780.675597286687
28206911,685.661929537972
28208050,115.2850949990682
28205955,358.5477942562761
28215178,903.5172341067424
28231858,382.37410927030766
28232066,732.0826491857089
28232550,1772.2072547039604
28232781,355.2793293085488
28232739,987.0811505674088
28231617,1756.4829970825162
28232741,2638.505088344365
28233431,772.4438929661327
28233469,303.5081263756914
28234749,358.9323030550048
28232921,2273.264709294763
28233155,490.74352524846114
28241518,168.77103182590082
28242209,43.61700065954815
28242292,57.56634640001934
28242516,44.57941634338678
28242528,111.77347581945725
28243113,222.38482408370928
28242985,83.20939910809949
28258985,382.3465935799251
28259164,733.7268375698285
28259662,1772.7331886740667
28259720,2658.1505408846956
28259879,1293.1973923007054
28259861,991.4842981857175
28258751,1753.451314275099
28259449,761.3246339597708
28259851,381.5358372123112
28267024,1229.3184117141702
28287263,382.0990414509087
28287027,1754.7499656442553
28287260,2249.349408460942
28287951,1750.3881976186856
28290953,688.9930387199117
28288904,304.12751400671914
28298953,784.922300521001
28288090,742.2696926244946
28288386,1301.0035091338068
28289401,700.3332220110698
28298124,314.6141134424784
28297927,149.0046679506476
28298419,566.5791909942759
28299010,110.35255005321343
28298364,86.13607321390484
28299063,164.71224771838163
28298927,83.53264318158222
28299096,86.14257999004909
28299133,683.3397402737214
28299190,313.8906809276052
28317116,2610.4704342797168
28316326,382.12653932612983
28316082,1752.75909324114
28320116,565.1259208418356
28323057,1666.1351835408775
28326085,3816.5744775626463
28397001,382.19529267210305
28397084,732.2028306199412
28397449,762.1410830500722
28397808,2626.5927278015192
28400437,146.65890467766613
28397331,2032.7092869349406
28400718,687.1589309950368
28399144,981.1343357435708
28398750,352.33794775844376
28399933,358.5798209174975
28405670,1315.7315757631716
28425346,1078.8758772830238
28426153,1758.8485309213054
28426377,1286.9573459264845
28426398,355.407186641613
28426371,990.0878471601073
28425926,770.009924821516
28428633,565.5956881066854
28426739,788.2377598168117
28429168,434.0178867353058
28429091,684.748701240642
28429344,581.1941926930797
28429805,899.9703936762661
28428396,358.5477942562761
28452665,2133.397443962833
28453047,383.2005014039851
28452806,1745.7657275967051
28453231,733.084764190486
28453882,2624.6450193322435
28453934,597.7595333544399
28461137,1231.0184917947422
28481073,1757.0032401955345
28481315,383.09021267864557
28482112,2615.5101181405857
28481824,681.8932516665487
28482329,1101.8881029783793
28483112,352.3721544161144
28483231,788.9082258003054
27851736,0.0
27851661,0.0
27852600,0.0
27853822,0.0
27853842,0.0
27853837,0.0
27852449,0.0
27853790,0.0
27853274,0.0
27854116,0.0
27854030,0.0
27854766,0.0
27871314,0.0
27876100,0.0
27876261,0.0
27851790,0.0
27851729,0.0
27852929,0.0
27852968,0.0
27853423,0.0
27854069,0.0
27854383,0.0
27854339,0.0
27854756,0.0
27854796,0.0
27855194,0.0
27854708,0.0
27855678,0.0
27874915,0.0
27875260,0.0
27875673,0.0
27875978,0.0
27876026,0.0
27875859,0.0
27875958,0.0
27872808,0.0
27874379,0.0
27875723,0.0
27875055,0.0
27875635,0.0
27875649,0.0
27875614,0.0
27875713,0.0
27875865,0.0
27873673,0.0
27873713,0.0
27874118,0.0
27874500,0.0
27873752,0.0
27874787,0.0
27874983,0.0
27875164,0.0
27875182,0.0
27875084,0.0
27875273,0.0
27875524,0.0
27872113,0.0
27874411,0.0
27874284,0.0
27874350,0.0
27874507,0.0
27874754,0.0
27874792,0.0
27874954,0.0
27871970,0.0
27873493,0.0
27872771,0.0
27873828,0.0
27873234,0.0
27873721,0.0
27873424,0.0
27873741,0.0
27873698,0.0
27873908,0.0
27873839,0.0
27874020,0.0
27874349,0.0
27874323,0.0
27874334,0.0
27874445,0.0
27874543,0.0
27874442,0.0
27874706,0.0
27867987,0.0
27870537,0.0
27872011,0.0
27872766,0.0
27873007,0.0
27873291,0.0
27873290,0.0
27873031,0.0
27873347,0.0
27873867,0.0
27873967,0.0
27873962,0.0
27861348,0.0
27863246,0.0
27864705,0.0
27864607,0.0
27864677,0.0
27865322,0.0
27865472,0.0
27865192,0.0
27865406,0.0
27865145,0.0
27864908,0.0
27865420,0.0
27865924,0.0
27865539,0.0
27864879,0.0
27865729,0.0
27865900,0.0
27865922,0.0
27865876,0.0
27865855,0.0
27866196,0.0
27866081,0.0
27866264,0.0
27866150,0.0
27866226,0.0
27866174,0.0
27866491,0.0
27866430,0.0
27866113,0.0
27866926,0.0
27867182,0.0
27867128,0.0
27867195,0.0
27866935,0.0
27867400,0.0
27867305,0.0
27867180,0.0
27867338,0.0
27867393,0.0
27867431,0.0
27867726,0.0
27867923,0.0
27867703,0.0
27867910,0.0
27868024,0.0
27867939,0.0
27868079,0.0
27867998,0.0
27868241,0.0
27867973,0.0
27868205,0.0
27868921,0.0
27868729,0.0
27868721,0.0
27868976,0.0
27868747,0.0
27868802,0.0
27869231,0.0
27868901,0.0
27869222,0.0
27868709,0.0
27868539,0.0
27868982,0.0
27869058,0.0
27869767,0.0
27869227,0.0
27869341,0.0
27869279,0.0
27869648,0.0
27869742,0.0
27869282,0.0
27870309,0.0
27870052,0.0
27869558,0.0
27869302,0.0
27870241,0.0
27870162,0.0
27870359,0.0
27869817,0.0
27870171,0.0
27870313,0.0
27870666,0.0
27870465,0.0
27870735,0.0
27870628,0.0
27870554,0.0
27870431,0.0
27870645,0.0
27870360,0.0
27870702,0.0
27870871,0.0
27871073,0.0
27871500,0.0
27871356,0.0
27870776,0.0
27871381,0.0
27871014,0.0
27871754,0.0
27871469,0.0
27871993,0.0
27872108,0.0
27871686,0.0
27872009,0.0
27872280,0.0
27872131,0.0
27872467,0.0
27871902,0.0
27872538,0.0
27872836,0.0
27878807,0.0
27879190,0.0
27879373,0.0
27880608,0.0
27880524,0.0
27880204,0.0
27881208,0.0
27881225,0.0
27881329,0.0
27881441,0.0
27881605,0.0
27881601,0.0
27902272,0.0
27903777,0.0
27903927,0.0
27903974,0.0
27904091,0.0
27880198,0.0
27880517,0.0
27881043,0.0
27880859,0.0
27880545,0.0
27881041,0.0
27881189,0.0
27881338,0.0
27881545,0.0
27882134,0.0
27902299,0.0
27903280,0.0
27903339,0.0
27903287,0.0
27903650,0.0
27879788,0.0
27879894,0.0
27879759,0.0
27880511,0.0
27882570,0.0
27882508,0.0
27882642,0.0
27882532,0.0
27903392,0.0
27903293,0.0
27903128,0.0
27903270,0.0
27903308,0.0
27903096,0.0
27902989,0.0
27903574,0.0
27897881,0.0
27898236,0.0
27902173,0.0
27901513,0.0
27902411,0.0
27902107,0.0
27902610,0.0
27902377,0.0
27902723,0.0
27902581,0.0
27896804,0.0
27896457,0.0
27897086,0.0
27900428,0.0
27900463,0.0
27901123,0.0
27901140,0.0
27901338,0.0
27901337,0.0
27901357,0.0
27901989,0.0
27902304,0.0
27902153,0.0
27902395,0.0
27902250,0.0
27902812,0.0
27896017,0.0
27896391,0.0
27900090,0.0
27900987,0.0
27901471,0.0
27901108,0.0
27901215,0.0
27901426,0.0
27901240,0.0
27901263,0.0
27901297,0.0
27901474,0.0
27901334,0.0
27900732,0.0
27901539,0.0
27901534,0.0
27901890,0.0
27901900,0.0
27902040,0.0
27902086,0.0
27902331,0.0
27902281,0.0
27899496,0.0
27899527,0.0
27900284,0.0
27900172,0.0
27900083,0.0
27900302,0.0
27900394,0.0
27900535,0.0
27900811,0.0
27900540,0.0
27900336,0.0
27900912,0.0
27900836,0.0
27901431,0.0
27889001,0.0
27890003,0.0
27889771,0.0
27891079,0.0
27891186,0.0
27891396,0.0
27891546,0.0
27890901,0.0
27892272,0.0
27891807,0.0
27890149,0.0
27891715,0.0
27892296,0.0
27892293,0.0
27892128,0.0
27892705,0.0
27892638,0.0
27893168,0.0
27893483,0.0
27893419,0.0
27893131,0.0
27893415,0.0
27893481,0.0
27893297,0.0
27893708,0.0
27893883,0.0
27894103,0.0
27893612,0.0
27894251,0.0
27893923,0.0
27893541,0.0
27894211,0.0
27894374,0.0
27894328,0.0
27894653,0.0
27894691,0.0
27894866,0.0
27894946,0.0
27895094,0.0
27895336,0.0
27895147,0.0
27895411,0.0
27894850,0.0
27895446,0.0
27895994,0.0
27895358,0.0
27895754,0.0
27895903,0.0
27896332,0.0
27896353,0.0
27896008,0.0
27895708,0.0
27895387,0.0
27896183,0.0
27896458,0.0
27896145,0.0
27896267,0.0
27896418,0.0
27896795,0.0
27896796,0.0
27896720,0.0
27896694,0.0
27897066,0.0
27897087,0.0
27897190,0.0
27897003,0.0
27896500,0.0
27897609,0.0
27897681,0.0
27897535,0.0
27897281,0.0
27897349,0.0
27897272,0.0
27897578,0.0
27897947,0.0
27897686,0.0
27898208,0.0
27897890,0.0
27897708,0.0
27898341,0.0
27898232,0.0
27898485,0.0
27898240,0.0
27898590,0.0
27898464,0.0
27898210,0.0
27898719,0.0
27898824,0.0
27899181,0.0
27899116,0.0
27898984,0.0
27899258,0.0
27898834,0.0
27899255,0.0
27899249,0.0
27899526,0.0
27900288,0.0
27899942,0.0
27899825,0.0
27906448,0.0
27906480,0.0
27906902,0.0
27908033,0.0
27908437,0.0
27908470,0.0
27908407,0.0
27908558,0.0
27909273,0.0
27909020,0.0
27909138,0.0
27909248,0.0
27909281,0.0
27929932,0.0
27932388,0.0
27906369,0.0
27906378,0.0
27906207,0.0
27906917,0.0
27907186,0.0
27908019,0.0
27908363,0.0
27909010,0.0
27909088,0.0
27908974,0.0
27909209,0.0
27908691,0.0
27909180,0.0
27910361,0.0
27931442,0.0
27931446,0.0
27931710,0.0
27931713,0.0
27931731,0.0
27931745,0.0
27931891,0.0
27932046,0.0
27931885,0.0
27931990,0.0
27932140,0.0
27932165,0.0
27932168,0.0
27930483,0.0
27930797,0.0
27931012,0.0
27931121,0.0
27930835,0.0
27931974,0.0
27931995,0.0
27925442,0.0
27929668,0.0
27929757,0.0
27930457,0.0
27930853,0.0
27930890,0.0
27930784,0.0
27930802,0.0
27931066,0.0
27931249,0.0
27931108,0.0
27929117,0.0
27929381,0.0
27929474,0.0
27929592,0.0
27929627,0.0
27930016,0.0
27929564,0.0
27929412,0.0
27929955,0.0
27930386,0.0
27930315,0.0
27930528,0.0
27930095,0.0
27930273,0.0
27929973,0.0
27930348,0.0
27930680,0.0
27930941,0.0
27931041,0.0
27923653,0.0
27928544,0.0
27929126,0.0
27929162,0.0
27929134,0.0
27929299,0.0
27929310,0.0
27929705,0.0
27929676,0.0
27929664,0.0
27929639,0.0
27930295,0.0
27930320,0.0
27930377,0.0
27930495,0.0
27930231,0.0
27923020,0.0
27927207,0.0
27927697,0.0
27928608,0.0
27928836,0.0
27928790,0.0
27929741,0.0
27929869,0.0
27916268,0.0
27915808,0.0
27916625,0.0
27916940,0.0
27917590,0.0
27918339,0.0
27919155,0.0
27919092,0.0
27919591,0.0
27919523,0.0
27919483,0.0
27919534,0.0
27919989,0.0
27920408,0.0
27921171,0.0
27921140,0.0
27920681,0.0
27920694,0.0
27920772,0.0
27920982,0.0
27921299,0.0
27921269,0.0
27921532,0.0
27920937,0.0
27921897,0.0
27921812,0.0
27921556,0.0
27921397,0.0
27921804,0.0
27922077,0.0
27921968,0.0
27921615,0.0
27922182,0.0
27922311,0.0
27922353,0.0
27922337,0.0
27922175,0.0
27922385,0.0
27922696,0.0
27923157,0.0
27922760,0.0
27921986,0.0
27922673,0.0
27922784,0.0
27923420,0.0
27921991,0.0
27922876,0.0
27923078,0.0
27923194,0.0
27922600,0.0
27923348,0.0
27923022,0.0
27923171,0.0
27923566,0.0
27923687,0.0
27923496,0.0
27923754,0.0
27924489,0.0
27923904,0.0
27923811,0.0
27924236,0.0
27923981,0.0
27924312,0.0
27923887,0.0
27924558,0.0
27924167,0.0
27924527,0.0
27924357,0.0
27924174,0.0
27924328,0.0
27924165,0.0
27924578,0.0
27924902,0.0
27924910,0.0
27925307,0.0
27925077,0.0
27924544,0.0
27924949,0.0
27924727,0.0
27925168,0.0
27924969,0.0
27926151,0.0
27925452,0.0
27925679,0.0
27925766,0.0
27926201,0.0
27925789,0.0
27926274,0.0
27925762,0.0
27926351,0.0
27925713,0.0
27926379,0.0
27926008,0.0
27925827,0.0
27926447,0.0
27926339,0.0
27926548,0.0
27926805,0.0
27925923,0.0
27926564,0.0
27926521,0.0
27926759,0.0
27926841,0.0
27926607,0.0
27927098,0.0
27926614,0.0
27926983,0.0
27927434,0.0
27927544,0.0
27927277,0.0
27927726,0.0
27927793,0.0
27927735,0.0
27927612,0.0
27927719,0.0
27927331,0.0
27927698,0.0
27927969,0.0
27928219,0.0
27928135,0.0
27927809,0.0
27928340,0.0
27927657,0.0
27927734,0.0
27928613,0.0
27928666,0.0
27916081,0.0
27916049,0.0
27916213,0.0
27916420,0.0
27916383,0.0
27916468,0.0
27916471,0.0
27916500,0.0
27916837,0.0
27935227,0.0
27935001,0.0
27936151,0.0
27936225,0.0
27936184,0.0
27936770,0.0
27936982,0.0
27937060,0.0
27936895,0.0
27936914,0.0
27937292,0.0
27937344,0.0
27937559,0.0
27937644,0.0
27937573,0.0
27937700,0.0
27961491,0.0
27961900,0.0
27961710,0.0
27961815,0.0
27962032,0.0
27934908,0.0
27935949,0.0
27935724,0.0
27936219,0.0
27936042,0.0
27936529,0.0
27937095,0.0
27936897,0.0
27937757,0.0
27937564,0.0
27937638,0.0
27937572,0.0
27937727,0.0
27937629,0.0
27937786,0.0
27938118,0.0
27938204,0.0
27937892,0.0
27937836,0.0
27938361,0.0
27938537,0.0
27958810,0.0
27961015,0.0
27960587,0.0
27961382,0.0
27961271,0.0
27961489,0.0
27961297,0.0
27961577,0.0
27938344,0.0
27959958,0.0
27960899,0.0
27960648,0.0
27960240,0.0
27961145,0.0
27961269,0.0
27961261,0.0
27961259,0.0
27961387,0.0
27961077,0.0
27961048,0.0
27950930,0.0
27957498,0.0
27959018,0.0
27959575,0.0
27959652,0.0
27959502,0.0
27960318,0.0
27960277,0.0
27959980,0.0
27960572,0.0
27960771,0.0
27960061,0.0
27960931,0.0
27952566,0.0
27958003,0.0
27957631,0.0
27958891,0.0
27958879,0.0
27958737,0.0
27959779,0.0
27959867,0.0
27959498,0.0
27960385,0.0
27960250,0.0
27959781,0.0
27947740,0.0
27958096,0.0
27958525,0.0
27959336,0.0
27959072,0.0
27959267,0.0
27959345,0.0
27959786,0.0
27959724,0.0
27959913,0.0
27959974,0.0
27959894,0.0
27960135,0.0
27952356,0.0
27955351,0.0
27956888,0.0
27957758,0.0
27958341,0.0
27958213,0.0
27958432,0.0
27958627,0.0
27958622,0.0
27958185,0.0
27958246,0.0
27958683,0.0
27959409,0.0
27959378,0.0
27944652,0.0
27945375,0.0
27946652,0.0
27947504,0.0
27948777,0.0
27948716,0.0
27948900,0.0
27949075,0.0
27948984,0.0
27949002,0.0
27948529,0.0
27949066,0.0
27949197,0.0
27948558,0.0
27949244,0.0
27948967,0.0
27947927,0.0
27949049,0.0
27949636,0.0
27949340,0.0
27950106,0.0
27949834,0.0
27949865,0.0
27949930,0.0
27950341,0.0
27949929,0.0
27949446,0.0
27950108,0.0
27950213,0.0
27950304,0.0
27950791,0.0
27950439,0.0
27949927,0.0
27950332,0.0
27950891,0.0
27950707,0.0
27950622,0.0
27950701,0.0
27951496,0.0
27951321,0.0
27949965,0.0
27951477,0.0
27951447,0.0
27952193,0.0
27952023,0.0
27952263,0.0
27951056,0.0
27952098,0.0
27952443,0.0
27951636,0.0
27952722,0.0
27952460,0.0
27952404,0.0
27952484,0.0
27952540,0.0
27952412,0.0
27952943,0.0
27952517,0.0
27952847,0.0
27952332,0.0
27952479,0.0
27952539,0.0
27952767,0.0
27952963,0.0
27952782,0.0
27952379,0.0
27952831,0.0
27953305,0.0
27953592,0.0
27953013,0.0
27952809,0.0
27953050,0.0
27953443,0.0
27953128,0.0
27953795,0.0
27953720,0.0
27953725,0.0
27953847,0.0
27953536,0.0
27954003,0.0
27953782,0.0
27953969,0.0
27953514,0.0
27954373,0.0
27954204,0.0
27954516,0.0
27954837,0.0
27955065,0.0
27954770,0.0
27954783,0.0
27955116,0.0
27955163,0.0
27955014,0.0
27955138,0.0
27954287,0.0
27955284,0.0
27954806,0.0
27954947,0.0
27955968,0.0
27955746,0.0
27955140,0.0
27955193,0.0
27955791,0.0
27954816,0.0
27955640,0.0
27954699,0.0
27955699,0.0
27955818,0.0
27956194,0.0
27956479,0.0
27956094,0.0
27956078,0.0
27956331,0.0
27956650,0.0
27956534,0.0
27956268,0.0
27956922,0.0
27956866,0.0
27957316,0.0
27956374,0.0
27956542,0.0
27956891,0.0
27956863,0.0
27957245,0.0
27957384,0.0
27957369,0.0
27957244,0.0
27957326,0.0
27957413,0.0
27957506,0.0
27957159,0.0
27957178,0.0
27957551,0.0
27957185,0.0
27958013,0.0
28014389,0.0
28015388,0.0
28016086,0.0
28016299,0.0
28016175,0.0
28016217,0.0
28016192,0.0
28039646,0.0
28040051,0.0
28013973,0.0
28015244,0.0
28014619,0.0
28016649,0.0
28016645,0.0
28016697,0.0
28016660,0.0
28016929,0.0
28016589,0.0
28039477,0.0
28039219,0.0
28039618,0.0
28039585,0.0
28039870,0.0
28039742,0.0
28038250,0.0
28038801,0.0
28038423,0.0
28039418,0.0
28039543,0.0
28039409,0.0
28039474,0.0
28038579,0.0
28039649,0.0
28038160,0.0
28038011,0.0
28038463,0.0
28038561,0.0
28038764,0.0
28038075,0.0
28038672,0.0
28038767,0.0
28038526,0.0
28038688,0.0
28038525,0.0
28038960,0.0
28039376,0.0
28038927,0.0
28039336,0.0
28038981,0.0
28039080,0.0
28039275,0.0
28032755,0.0
28037027,0.0
28037374,0.0
28037577,0.0
28037562,0.0
28037496,0.0
28037658,0.0
28037955,0.0
28037948,0.0
28037900,0.0
28038227,0.0
28038487,0.0
28038081,0.0
28038456,0.0
28038371,0.0
28038496,0.0
28038537,0.0
28036347,0.0
28036757,0.0
28037175,0.0
28037264,0.0
28037564,0.0
28037495,0.0
28037359,0.0
28037395,0.0
28037481,0.0
28031289,0.0
28035523,0.0
28036390,0.0
28036869,0.0
28036618,0.0
28036566,0.0
28036866,0.0
28036518,0.0
28036352,0.0
28036911,0.0
28023668,0.0
28023944,0.0
28023930,0.0
28024075,0.0
28024479,0.0
28024386,0.0
28024525,0.0
28024322,0.0
28025058,0.0
28024291,0.0
28025138,0.0
28024988,0.0
28024005,0.0
28025110,0.0
28025385,0.0
28025271,0.0
28025418,0.0
28025680,0.0
28025522,0.0
28025763,0.0
28026490,0.0
28026075,0.0
28026198,0.0
28026144,0.0
28026096,0.0
28025442,0.0
28026405,0.0
28027218,0.0
28027484,0.0
28027182,0.0
28026703,0.0
28026942,0.0
28026483,0.0
28027428,0.0
28027324,0.0
28027691,0.0
28027685,0.0
28027860,0.0
28027371,0.0
28027996,0.0
28027876,0.0
28028076,0.0
28028156,0.0
28027555,0.0
28028058,0.0
28028286,0.0
28028459,0.0
28028525,0.0
28028125,0.0
28028427,0.0
28028211,0.0
28028037,0.0
28028505,0.0
28028565,0.0
28028554,0.0
28028621,0.0
28028535,0.0
28028730,0.0
28028522,0.0
28029089,0.0
28028954,0.0
28028782,0.0
28028226,0.0
28029318,0.0
28029335,0.0
28029848,0.0
28029725,0.0
28029350,0.0
28029812,0.0
28030177,0.0
28030060,0.0
28030365,0.0
28030610,0.0
28030615,0.0
28030547,0.0
28030416,0.0
28030995,0.0
28030556,0.0
28030919,0.0
28031025,0.0
28031342,0.0
28030802,0.0
28031515,0.0
28031107,0.0
28031354,0.0
28031533,0.0
28031088,0.0
28031532,0.0
28032276,0.0
28031665,0.0
28031848,0.0
28031333,0.0
28032321,0.0
28031476,0.0
28032167,0.0
28032326,0.0
28032442,0.0
28032738,0.0
28032346,0.0
28032443,0.0
28032643,0.0
28032549,0.0
28033140,0.0
28032845,0.0
28032951,0.0
28032727,0.0
28033190,0.0
28033154,0.0
28032724,0.0
28033325,0.0
28032031,0.0
28033097,0.0
28033562,0.0
28033645,0.0
28033591,0.0
28033697,0.0
28033804,0.0
28033474,0.0
28034012,0.0
28033545,0.0
28034146,0.0
28033497,0.0
28034609,0.0
28034327,0.0
28034500,0.0
28034178,0.0
28033919,0.0
28034890,0.0
28032590,0.0
28033611,0.0
28035014,0.0
28034702,0.0
28034530,0.0
28034698,0.0
28035256,0.0
28035197,0.0
28035392,0.0
28035241,0.0
28035532,0.0
28035653,0.0
28035750,0.0
28035569,0.0
28036606,0.0
28036157,0.0
28036016,0.0
28036362,0.0
28043291,0.0
28044521,0.0
28044194,0.0
28044721,0.0
28044668,0.0
28044463,0.0
28045282,0.0
28045153,0.0
28044953,0.0
28045131,0.0
28045256,0.0
28045409,0.0
28045524,0.0
28061346,0.0
28067005,0.0
28067069,0.0
28067087,0.0
28042408,0.0
28044183,0.0
28044618,0.0
28045127,0.0
28045143,0.0
28045941,0.0
28060436,0.0
28066199,0.0
28066601,0.0
28066710,0.0
28066652,0.0
28066954,0.0
28066313,0.0
28062255,0.0
28064337,0.0
28066129,0.0
28066385,0.0
28066457,0.0
28066614,0.0
28066602,0.0
28066677,0.0
28064528,0.0
28064648,0.0
28064317,0.0
28064952,0.0
28065452,0.0
28065507,0.0
28065704,0.0
28065693,0.0
28065906,0.0
28065985,0.0
28066014,0.0
28066356,0.0
28066062,0.0
28066261,0.0
28066195,0.0
28066131,0.0
28066049,0.0
28052347,0.0
28062917,0.0
28064507,0.0
28064258,0.0
28063470,0.0
28064470,0.0
28065319,0.0
28065708,0.0
28065686,0.0
28065209,0.0
28065889,0.0
28065922,0.0
28065859,0.0
28066038,0.0
28063371,0.0
28062631,0.0
28064037,0.0
28064218,0.0
28064632,0.0
28064864,0.0
28064768,0.0
28064583,0.0
28064472,0.0
28064345,0.0
28064886,0.0
28064898,0.0
28065249,0.0
28065557,0.0
28063017,0.0
28063799,0.0
28063660,0.0
28063926,0.0
28064197,0.0
28064198,0.0
28064377,0.0
28064631,0.0
28064246,0.0
28054746,0.0
28054993,0.0
28055243,0.0
28055000,0.0
28056073,0.0
28056199,0.0
28056304,0.0
28056290,0.0
28056328,0.0
28056725,0.0
28056645,0.0
28056263,0.0
28056818,0.0
28056692,0.0
28055897,0.0
28056376,0.0
28056676,0.0
28056790,0.0
28057138,0.0
28057002,0.0
28056827,0.0
28057110,0.0
28057108,0.0
28057169,0.0
28057075,0.0
28056770,0.0
28056416,0.0
28057284,0.0
28056974,0.0
28057435,0.0
28057506,0.0
28057969,0.0
28057415,0.0
28057863,0.0
28057794,0.0
28057670,0.0
28057676,0.0
28058178,0.0
28058212,0.0
28058504,0.0
28058005,0.0
28058396,0.0
28058849,0.0
28058670,0.0
28058527,0.0
28057962,0.0
28058586,0.0
28058969,0.0
28058614,0.0
28058924,0.0
28058935,0.0
28058990,0.0
28059064,0.0
28058928,0.0
28059120,0.0
28059027,0.0
28059155,0.0
28059494,0.0
28059898,0.0
28059004,0.0
28059529,0.0
28059671,0.0
28059738,0.0
28059878,0.0
28060009,0.0
28059936,0.0
28059959,0.0
28059924,0.0
28060719,0.0
28060249,0.0
28060515,0.0
28060545,0.0
28060788,0.0
28060992,0.0
28060772,0.0
28061208,0.0
28061141,0.0
28060896,0.0
28060620,0.0
28061488,0.0
28060899,0.0
28061377,0.0
28061623,0.0
28061675,0.0
28061506,0.0
28061369,0.0
28061756,0.0
28062085,0.0
28061637,0.0
28062083,0.0
28061207,0.0
28061617,0.0
28061130,0.0
28062427,0.0
28062318,0.0
28062346,0.0
28062226,0.0
28062305,0.0
28062327,0.0
28062211,0.0
28062959,0.0
28062668,0.0
28062624,0.0
28062413,0.0
28062700,0.0
28063069,0.0
28062873,0.0
28061612,0.0
28062894,0.0
28063003,0.0
28063640,0.0
28063489,0.0
28063789,0.0
28051940,0.0
28052164,0.0
28052090,0.0
28052338,0.0
28052233,0.0
28052400,0.0
28052301,0.0
28070991,0.0
28071506,0.0
28071477,0.0
28071421,0.0
28071811,0.0
28071796,0.0
28072147,0.0
28072095,0.0
28072229,0.0
28072104,0.0
28072045,0.0
28092768,0.0
28094310,0.0
28094371,0.0
28094523,0.0
28069450,0.0
28070281,0.0
28071320,0.0
28071048,0.0
28072072,0.0
28071993,0.0
28072123,0.0
28072083,0.0
28072172,0.0
28072437,0.0
28072934,0.0
28082532,0.0
28088982,0.0
28093808,0.0
28094335,0.0
28094172,0.0
28094254,0.0
28088478,0.0
28092606,0.0
28093221,0.0
28093326,0.0
28093885,0.0
28093922,0.0
28093823,0.0
28093779,0.0
28094120,0.0
28094069,0.0
28081342,0.0
28086433,0.0
28087636,0.0
28088145,0.0
28091569,0.0
28092641,0.0
28092885,0.0
28093193,0.0
28092913,0.0
28093025,0.0
28093191,0.0
28093113,0.0
28093514,0.0
28093686,0.0
28093632,0.0
28087573,0.0
28091355,0.0
28091808,0.0
28092407,0.0
28091530,0.0
28092544,0.0
28092381,0.0
28092911,0.0
28093059,0.0
28093118,0.0
28093277,0.0
28093243,0.0
28086083,0.0
28086460,0.0
28086181,0.0
28090877,0.0
28091113,0.0
28090824,0.0
28089727,0.0
28089972,0.0
28091028,0.0
28091348,0.0
28091573,0.0
28091818,0.0
28091384,0.0
28091853,0.0
28091743,0.0
28091850,0.0
28091799,0.0
28091624,0.0
28092012,0.0
28091870,0.0
28090945,0.0
28085190,0.0
28089761,0.0
28090106,0.0
28089963,0.0
28090822,0.0
28091004,0.0
28091326,0.0
28091081,0.0
28090881,0.0
28092036,0.0
28078641,0.0
28080400,0.0
28081483,0.0
28082310,0.0
28082194,0.0
28082279,0.0
28082230,0.0
28082744,0.0
28082778,0.0
28082596,0.0
28082567,0.0
28083028,0.0
28082971,0.0
28082772,0.0
28083058,0.0
28083260,0.0
28083240,0.0
28083241,0.0
28082888,0.0
28083312,0.0
28083520,0.0
28084026,0.0
28083545,0.0
28083393,0.0
28084036,0.0
28084076,0.0
28084005,0.0
28083760,0.0
28084002,0.0
28084247,0.0
28084410,0.0
28084430,0.0
28084578,0.0
28084777,0.0
28084690,0.0
28084734,0.0
28085076,0.0
28085007,0.0
28085117,0.0
28085209,0.0
28085547,0.0
28085290,0.0
28085455,0.0
28085642,0.0
28085658,0.0
28085814,0.0
28085779,0.0
28086131,0.0
28085933,0.0
28085983,0.0
28086197,0.0
28086455,0.0
28085962,0.0
28086959,0.0
28086753,0.0
28086547,0.0
28086935,0.0
28086887,0.0
28086970,0.0
28086285,0.0
28087018,0.0
28087263,0.0
28087099,0.0
28087337,0.0
28087767,0.0
28087293,0.0
28087268,0.0
28087091,0.0
28087836,0.0
28087437,0.0
28088076,0.0
28088197,0.0
28085918,0.0
28088290,0.0
28088790,0.0
28088045,0.0
28088303,0.0
28088150,0.0
28088752,0.0
28088821,0.0
28088484,0.0
28089102,0.0
28089046,0.0
28088501,0.0
28088649,0.0
28089422,0.0
28088951,0.0
28088987,0.0
28087339,0.0
28089474,0.0
28089263,0.0
28089264,0.0
28088920,0.0
28089659,0.0
28087021,0.0
28089743,0.0
28089514,0.0
28090007,0.0
28089754,0.0
28090128,0.0
28090266,0.0
28090012,0.0
28089663,0.0
28097685,0.0
28097214,0.0
28098858,0.0
28098457,0.0
28099007,0.0
28098937,0.0
28099157,0.0
28099559,0.0
28099608,0.0
28099964,0.0
28099798,0.0
28115300,0.0
28122288,0.0
28122414,0.0
28122820,0.0
28122694,0.0
28122746,0.0
28122860,0.0
28122706,0.0
28122833,0.0
28096809,0.0
28096802,0.0
28097761,0.0
28098894,0.0
28099580,0.0
28099706,0.0
28099522,0.0
28099710,0.0
28099969,0.0
28099724,0.0
28114456,0.0
28121998,0.0
28121979,0.0
28122287,0.0
28122286,0.0
28122266,0.0
28122760,0.0
28122782,0.0
28122674,0.0
28098706,0.0
28100181,0.0
28100199,0.0
28100499,0.0
28100809,0.0
28100901,0.0
28113691,0.0
28121303,0.0
28121357,0.0
28121576,0.0
28121417,0.0
28122274,0.0
28120113,0.0
28120577,0.0
28120904,0.0
28120963,0.0
28121286,0.0
28121157,0.0
28121252,0.0
28121448,0.0
28121639,0.0
28120946,0.0
28121378,0.0
28121518,0.0
28122191,0.0
28119958,0.0
28120228,0.0
28120588,0.0
28120613,0.0
28121221,0.0
28120744,0.0
28120775,0.0
28120864,0.0
28120714,0.0
28121240,0.0
28121244,0.0
28121109,0.0
28121315,0.0
28121328,0.0
28107090,0.0
28118312,0.0
28119495,0.0
28119556,0.0
28119115,0.0
28119587,0.0
28119682,0.0
28120101,0.0
28120129,0.0
28120394,0.0
28120594,0.0
28121092,0.0
28119400,0.0
28119658,0.0
28119652,0.0
28119628,0.0
28119136,0.0
28119695,0.0
28106343,0.0
28108469,0.0
28108776,0.0
28107998,0.0
28108925,0.0
28111608,0.0
28111148,0.0
28111419,0.0
28111002,0.0
28111690,0.0
28112032,0.0
28111703,0.0
28111422,0.0
28112591,0.0
28112855,0.0
28112485,0.0
28111270,0.0
28112422,0.0
28112260,0.0
28112881,0.0
28112742,0.0
28111602,0.0
28112845,0.0
28112127,0.0
28112066,0.0
28113312,0.0
28112905,0.0
28113568,0.0
28113672,0.0
28113687,0.0
28113193,0.0
28113486,0.0
28113642,0.0
28113347,0.0
28113052,0.0
28112769,0.0
28113656,0.0
28113955,0.0
28113901,0.0
28114073,0.0
28114319,0.0
28114097,0.0
28113375,0.0
28114085,0.0
28113799,0.0
28114790,0.0
28115050,0.0
28115229,0.0
28115064,0.0
28115030,0.0
28115445,0.0
28115607,0.0
28115678,0.0
28115651,0.0
28114597,0.0
28115017,0.0
28115100,0.0
28115822,0.0
28115449,0.0
28116092,0.0
28114653,0.0
28114399,0.0
28116502,0.0
28115910,0.0
28115977,0.0
28115918,0.0
28116241,0.0
28115867,0.0
28116291,0.0
28116177,0.0
28116284,0.0
28116485,0.0
28116083,0.0
28116861,0.0
28116465,0.0
28115373,0.0
28116753,0.0
28116689,0.0
28116855,0.0
28116354,0.0
28116799,0.0
28117462,0.0
28117120,0.0
28117146,0.0
28117186,0.0
28117214,0.0
28117109,0.0
28117625,0.0
28117487,0.0
28117307,0.0
28117422,0.0
28117996,0.0
28117629,0.0
28118033,0.0
28118379,0.0
28117911,0.0
28118351,0.0
28118232,0.0
28118325,0.0
28118624,0.0
28118309,0.0
28118867,0.0
28106618,0.0
28106362,0.0
28106686,0.0
28106723,0.0
28107074,0.0
28106592,0.0
28107030,0.0
28106589,0.0
28106917,0.0
28107238,0.0
28107041,0.0
28107398,0.0
28107584,0.0
28107285,0.0
28107453,0.0
28108279,0.0
28125575,0.0
28127221,0.0
28127585,0.0
28127576,0.0
28127982,0.0
28127924,0.0
28128043,0.0
28128403,0.0
28152301,0.0
28152825,0.0
28152929,0.0
28125561,0.0
28125522,0.0
28125719,0.0
28126986,0.0
28127771,0.0
28128145,0.0
28128245,0.0
28128285,0.0
28128361,0.0
28128223,0.0
28128452,0.0
28128230,0.0
28128247,0.0
28128592,0.0
28128580,0.0
28128830,0.0
28128216,0.0
28128982,0.0
28129159,0.0
28152240,0.0
28152363,0.0
28152356,0.0
28152427,0.0
28152633,0.0
28152558,0.0
28152555,0.0
28126946,0.0
28127100,0.0
28127147,0.0
28126725,0.0
28126680,0.0
28127269,0.0
28128646,0.0
28128936,0.0
28128951,0.0
28129082,0.0
28128994,0.0
28129225,0.0
28129564,0.0
28129593,0.0
28129678,0.0
28129619,0.0
28151203,0.0
28151526,0.0
28151684,0.0
28152233,0.0
28151558,0.0
28152146,0.0
28152333,0.0
28152506,0.0
28129500,0.0
28129285,0.0
28129788,0.0
28129874,0.0
28129838,0.0
28130668,0.0
28148264,0.0
28149853,0.0
28150139,0.0
28149956,0.0
28150312,0.0
28150951,0.0
28150491,0.0
28150613,0.0
28150949,0.0
28150726,0.0
28151189,0.0
28151575,0.0
28151296,0.0
28151480,0.0
28151399,0.0
28151431,0.0
28151502,0.0
28136163,0.0
28148853,0.0
28150117,0.0
28149825,0.0
28150537,0.0
28150687,0.0
28150799,0.0
28150950,0.0
28150661,0.0
28150897,0.0
28151071,0.0
28149852,0.0
28151288,0.0
28151267,0.0
28151139,0.0
28151698,0.0
28141686,0.0
28148646,0.0
28148713,0.0
28149171,0.0
28149449,0.0
28149427,0.0
28149626,0.0
28149469,0.0
28150077,0.0
28150266,0.0
28150322,0.0
28150684,0.0
28150795,0.0
28150641,0.0
28145018,0.0
28147445,0.0
28147807,0.0
28147020,0.0
28147940,0.0
28148111,0.0
28148450,0.0
28148802,0.0
28149544,0.0
28149074,0.0
28149269,0.0
28149290,0.0
28149506,0.0
28148822,0.0
28150145,0.0
28136774,0.0
28137061,0.0
28137070,0.0
28137459,0.0
28137260,0.0
28137437,0.0
28137476,0.0
28137607,0.0
28137576,0.0
28137709,0.0
28137814,0.0
28137357,0.0
28137387,0.0
28137986,0.0
28137908,0.0
28138136,0.0
28137890,0.0
28138175,0.0
28138582,0.0
28138530,0.0
28138448,0.0
28137328,0.0
28137097,0.0
28138927,0.0
28138801,0.0
28138636,0.0
28138691,0.0
28138860,0.0
28138896,0.0
28139278,0.0
28138542,0.0
28139234,0.0
28139059,0.0
28139735,0.0
28139064,0.0
28139613,0.0
28139567,0.0
28139743,0.0
28139477,0.0
28139470,0.0
28139267,0.0
28139434,0.0
28139559,0.0
28139782,0.0
28139389,0.0
28139779,0.0
28139351,0.0
28140377,0.0
28140307,0.0
28139633,0.0
28139874,0.0
28139399,0.0
28140154,0.0
28140512,0.0
28140466,0.0
28140586,0.0
28140147,0.0
28139412,0.0
28139918,0.0
28140614,0.0
28140404,0.0
28140774,0.0
28140862,0.0
28140606,0.0
28141015,0.0
28141725,0.0
28141180,0.0
28141584,0.0
28141324,0.0
28140974,0.0
28141368,0.0
28141323,0.0
28141282,0.0
28141409,0.0
28141875,0.0
28142153,0.0
28141849,0.0
28140638,0.0
28142096,0.0
28142041,0.0
28141493,0.0
28141711,0.0
28142369,0.0
28142164,0.0
28142542,0.0
28142834,0.0
28143206,0.0
28142706,0.0
28142872,0.0
28143008,0.0
28143159,0.0
28143321,0.0
28143187,0.0
28142633,0.0
28143520,0.0
28143282,0.0
28143575,0.0
28143708,0.0
28144188,0.0
28143399,0.0
28143880,0.0
28143469,0.0
28144290,0.0
28143320,0.0
28144025,0.0
28143897,0.0
28144672,0.0
28144676,0.0
28144510,0.0
28144559,0.0
28144197,0.0
28144982,0.0
28144991,0.0
28145144,0.0
28145553,0.0
28144906,0.0
28145124,0.0
28145043,0.0
28145446,0.0
28145485,0.0
28145590,0.0
28145609,0.0
28145908,0.0
28145998,0.0
28145924,0.0
28145967,0.0
28145640,0.0
28145478,0.0
28145642,0.0
28145597,0.0
28146057,0.0
28145947,0.0
28144585,0.0
28146369,0.0
28146043,0.0
28147059,0.0
28146194,0.0
28146521,0.0
28146509,0.0
28146543,0.0
28147326,0.0
28146360,0.0
28147024,0.0
28147702,0.0
28146841,0.0
28147713,0.0
28146642,0.0
28147705,0.0
28147396,0.0
28147725,0.0
28146599,0.0
28146101,0.0
28147614,0.0
28148363,0.0
28147942,0.0
28148238,0.0
28148296,0.0
28147478,0.0
28148673,0.0
28148752,0.0
28147979,0.0
28148361,0.0
28205418,0.0
28206168,0.0
28206664,0.0
28207483,0.0
28207394,0.0
28207437,0.0
28207765,0.0
28207608,0.0
28207619,0.0
28208159,0.0
28208412,0.0
28208200,0.0
28208403,0.0
28208566,0.0
28228004,0.0
28231573,0.0
28231869,0.0
28231739,0.0
28231885,0.0
28231829,0.0
28205283,0.0
28206575,0.0
28206565,0.0
28207311,0.0
28206833,0.0
28207449,0.0
28207401,0.0
28207324,0.0
28206652,0.0
28207953,0.0
28208099,0.0
28208318,0.0
28208119,0.0
28208221,0.0
28207992,0.0
28208392,0.0
28208045,0.0
28208752,0.0
28209016,0.0
28208049,0.0
28231130,0.0
28231131,0.0
28231200,0.0
28231247,0.0
28230985,0.0
28231306,0.0
28231569,0.0
28231608,0.0
28206733,0.0
28206674,0.0
28208246,0.0
28209014,0.0
28209452,0.0
28209304,0.0
28209469,0.0
28209337,0.0
28209540,0.0
28209576,0.0
28230512,0.0
28230473,0.0
28230442,0.0
28230534,0.0
28230203,0.0
28230648,0.0
28231127,0.0
28231144,0.0
28230670,0.0
28231445,0.0
28208721,0.0
28208729,0.0
28208731,0.0
28208844,0.0
28209384,0.0
28209667,0.0
28210251,0.0
28209800,0.0
28210316,0.0
28210689,0.0
28230079,0.0
28230259,0.0
28229778,0.0
28230679,0.0
28230845,0.0
28223860,0.0
28228850,0.0
28228885,0.0
28229311,0.0
28229111,0.0
28229292,0.0
28229710,0.0
28229874,0.0
28229744,0.0
28229677,0.0
28230218,0.0
28229934,0.0
28229850,0.0
28230140,0.0
28230523,0.0
28230327,0.0
28230597,0.0
28230355,0.0
28230396,0.0
28230431,0.0
28228106,0.0
28228752,0.0
28228799,0.0
28229236,0.0
28229144,0.0
28229154,0.0
28229100,0.0
28229247,0.0
28229742,0.0
28229782,0.0
28222839,0.0
28226868,0.0
28227587,0.0
28227899,0.0
28228189,0.0
28228346,0.0
28228609,0.0
28228701,0.0
28228453,0.0
28228649,0.0
28228702,0.0
28229278,0.0
28229346,0.0
28229406,0.0
28215337,0.0
28217251,0.0
28218320,0.0
28218582,0.0
28219048,0.0
28218740,0.0
28219075,0.0
28219236,0.0
28220523,0.0
28219708,0.0
28219966,0.0
28219700,0.0
28219502,0.0
28219524,0.0
28219843,0.0
28220081,0.0
28220115,0.0
28220227,0.0
28220186,0.0
28220588,0.0
28219777,0.0
28220282,0.0
28220787,0.0
28220126,0.0
28220334,0.0
28220835,0.0
28220653,0.0
28220463,0.0
28220957,0.0
28221416,0.0
28220782,0.0
28221063,0.0
28221202,0.0
28220669,0.0
28221150,0.0
28221192,0.0
28221542,0.0
28221101,0.0
28221460,0.0
28221478,0.0
28219830,0.0
28221877,0.0
28221680,0.0
28222237,0.0
28221761,0.0
28222269,0.0
28222146,0.0
28222084,0.0
28222446,0.0
28222670,0.0
28222274,0.0
28222763,0.0
28222793,0.0
28222892,0.0
28222704,0.0
28222941,0.0
28223067,0.0
28222729,0.0
28223309,0.0
28223361,0.0
28223163,0.0
28223379,0.0
28223047,0.0
28222945,0.0
28223425,0.0
28223237,0.0
28224046,0.0
28223694,0.0
28223728,0.0
28223579,0.0
28224071,0.0
28224070,0.0
28223983,0.0
28223547,0.0
28223733,0.0
28224478,0.0
28224473,0.0
28224323,0.0
28224621,0.0
28224584,0.0
28224589,0.0
28224411,0.0
28224882,0.0
28224994,0.0
28224918,0.0
28225304,0.0
28225058,0.0
28225150,0.0
28225387,0.0
28225321,0.0
28224773,0.0
28225548,0.0
28224977,0.0
28225262,0.0
28225566,0.0
28225844,0.0
28225909,0.0
28225897,0.0
28226106,0.0
28226239,0.0
28225907,0.0
28225737,0.0
28226243,0.0
28226041,0.0
28226492,0.0
28226122,0.0
28226242,0.0
28225685,0.0
28226443,0.0
28226646,0.0
28225940,0.0
28225746,0.0
28226575,0.0
28226667,0.0
28226988,0.0
28226640,0.0
28226913,0.0
28227298,0.0
28226931,0.0
28227234,0.0
28227432,0.0
28227387,0.0
28227246,0.0
28227321,0.0
28227506,0.0
28227703,0.0
28227410,0.0
28227488,0.0
28227740,0.0
28227380,0.0
28228112,0.0
28227452,0.0
28235016,0.0
28235761,0.0
28235716,0.0
28236217,0.0
28235751,0.0
28236131,0.0
28236278,0.0
28236154,0.0
28236434,0.0
28236394,0.0
28236524,0.0
28236736,0.0
28236844,0.0
28252520,0.0
28258610,0.0
28258929,0.0
28235302,0.0
28235298,0.0
28235306,0.0
28235462,0.0
28236742,0.0
28236792,0.0
28237092,0.0
28236412,0.0
28236474,0.0
28236735,0.0
28236923,0.0
28237304,0.0
28235875,0.0
28237245,0.0
28237009,0.0
28251121,0.0
28254980,0.0
28257963,0.0
28258146,0.0
28258368,0.0
28258335,0.0
28258692,0.0
28258769,0.0
28258622,0.0
28258765,0.0
28235536,0.0
28236523,0.0
28236845,0.0
28237191,0.0
28237489,0.0
28237550,0.0
28237660,0.0
28237991,0.0
28237477,0.0
28238195,0.0
28257674,0.0
28257947,0.0
28257618,0.0
28258290,0.0
28258294,0.0
28258313,0.0
28258407,0.0
28244057,0.0
28251462,0.0
28255174,0.0
28256751,0.0
28257299,0.0
28257440,0.0
28257174,0.0
28257765,0.0
28257692,0.0
28257689,0.0
28257431,0.0
28258126,0.0
28258262,0.0
28250545,0.0
28256184,0.0
28256324,0.0
28256370,0.0
28257393,0.0
28257031,0.0
28256985,0.0
28257242,0.0
28257130,0.0
28256382,0.0
28257490,0.0
28257453,0.0
28257831,0.0
28255153,0.0
28256359,0.0
28256636,0.0
28256959,0.0
28256953,0.0
28257062,0.0
28256952,0.0
28256954,0.0
28257330,0.0
28246084,0.0
28249747,0.0
28249910,0.0
28250079,0.0
28252395,0.0
28254138,0.0
28255445,0.0
28255498,0.0
28255952,0.0
28255697,0.0
28255949,0.0
28255719,0.0
28256009,0.0
28256279,0.0
28256056,0.0
28256661,0.0
28256851,0.0
28243305,0.0
28246020,0.0
28247634,0.0
28247562,0.0
28247773,0.0
28247918,0.0
28248125,0.0
28248276,0.0
28248408,0.0
28248740,0.0
28248698,0.0
28248757,0.0
28248995,0.0
28249498,0.0
28249150,0.0
28249446,0.0
28249641,0.0
28249304,0.0
28249855,0.0
28249810,0.0
28249751,0.0
28250112,0.0
28249738,0.0
28248843,0.0
28248957,0.0
28250272,0.0
28250301,0.0
28250049,0.0
28250565,0.0
28250796,0.0
28250196,0.0
28250618,0.0
28250919,0.0
28250851,0.0
28251553,0.0
28250640,0.0
28251171,0.0
28250435,0.0
28251474,0.0
28251318,0.0
28251723,0.0
28251538,0.0
28251019,0.0
28251611,0.0
28251820,0.0
28251927,0.0
28251722,0.0
28252356,0.0
28252169,0.0
28252855,0.0
28252298,0.0
28252543,0.0
28252853,0.0
28252000,0.0
28252917,0.0
28252771,0.0
28252798,0.0
28252805,0.0
28253260,0.0
28253343,0.0
28253153,0.0
28252953,0.0
28253346,0.0
28253826,0.0
28252635,0.0
28253357,0.0
28253293,0.0
28253598,0.0
28253685,0.0
28254027,0.0
28253299,0.0
28254063,0.0
28254226,0.0
28253719,0.0
28253998,0.0
28254148,0.0
28253875,0.0
28253949,0.0
28254361,0.0
28253892,0.0
28253810,0.0
28254411,0.0
28254377,0.0
28254893,0.0
28254953,0.0
28254981,0.0
28255214,0.0
28255105,0.0
28254715,0.0
28255396,0.0
28243800,0.0
28243912,0.0
28243554,0.0
28243636,0.0
28243907,0.0
28243633,0.0
28243290,0.0
28243937,0.0
28243702,0.0
28243895,0.0
28243968,0.0
28243964,0.0
28244456,0.0
28262938,0.0
28263308,0.0
28263664,0.0
28263821,0.0
28263494,0.0
28263986,0.0
28263962,0.0
28263979,0.0
28264291,0.0
28287211,0.0
28287250,0.0
28287342,0.0
28262695,0.0
28263325,0.0
28262142,0.0
28263900,0.0
28263909,0.0
28263958,0.0
28264193,0.0
28264037,0.0
28264050,0.0
28265281,0.0
28287052,0.0
28286849,0.0
28286701,0.0
28262713,0.0
28262491,0.0
28263300,0.0
28263089,0.0
28264009,0.0
28264481,0.0
28264659,0.0
28264918,0.0
28265320,0.0
28265016,0.0
28265336,0.0
28265193,0.0
28265446,0.0
28285537,0.0
28286285,0.0
28286578,0.0
28286612,0.0
28286694,0.0
28286569,0.0
28286584,0.0
28286587,0.0
28265575,0.0
28285688,0.0
28286048,0.0
28286227,0.0
28286527,0.0
28280388,0.0
28284640,0.0
28284463,0.0
28284553,0.0
28285114,0.0
28285684,0.0
28285311,0.0
28285645,0.0
28285975,0.0
28286123,0.0
28286309,0.0
28283564,0.0
28283900,0.0
28284429,0.0
28284771,0.0
28284236,0.0
28284637,0.0
28284150,0.0
28284626,0.0
28284171,0.0
28284869,0.0
28284800,0.0
28285196,0.0
28285202,0.0
28285339,0.0
28285464,0.0
28285572,0.0
28280367,0.0
28281866,0.0
28282780,0.0
28283574,0.0
28283841,0.0
28284099,0.0
28284101,0.0
28284411,0.0
28284105,0.0
28284157,0.0
28284528,0.0
28283711,0.0
28284573,0.0
28284693,0.0
28284722,0.0
28270845,0.0
28273302,0.0
28273855,0.0
28274456,0.0
28274936,0.0
28275391,0.0
28275388,0.0
28275949,0.0
28275568,0.0
28276113,0.0
28276385,0.0
28276451,0.0
28275809,0.0
28276319,0.0
28276482,0.0
28276516,0.0
28276506,0.0
28276563,0.0
28276672,0.0
28276236,0.0
28277055,0.0
28276722,0.0
28277206,0.0
28276913,0.0
28277345,0.0
28277508,0.0
28277455,0.0
28277730,0.0
28277520,0.0
28278071,0.0
28278496,0.0
28277686,0.0
28278220,0.0
28278006,0.0
28278216,0.0
28278325,0.0
28278600,0.0
28278551,0.0
28278369,0.0
28278934,0.0
28278546,0.0
28279591,0.0
28279338,0.0
28279003,0.0
28279326,0.0
28279268,0.0
28279143,0.0
28279412,0.0
28279617,0.0
28279564,0.0
28279151,0.0
28279832,0.0
28279763,0.0
28280395,0.0
28279135,0.0
28279918,0.0
28279981,0.0
28280224,0.0
28280563,0.0
28280754,0.0
28280500,0.0
28280826,0.0
28280693,0.0
28280825,0.0
28280959,0.0
28280879,0.0
28281554,0.0
28281240,0.0
28281443,0.0
28281488,0.0
28281423,0.0
28281452,0.0
28281759,0.0
28281152,0.0
28281685,0.0
28281789,0.0
28281681,0.0
28281649,0.0
28282213,0.0
28281790,0.0
28281521,0.0
28281491,0.0
28282339,0.0
28282199,0.0
28282105,0.0
28282474,0.0
28282764,0.0
28282535,0.0
28282813,0.0
28282545,0.0
28282905,0.0
28283253,0.0
28283316,0.0
28282529,0.0
28283386,0.0
28283214,0.0
28283735,0.0
28291137,0.0
28290489,0.0
28291676,0.0
28291662,0.0
28291832,0.0
28292337,0.0
28292242,0.0
28292339,0.0
28292423,0.0
28292773,0.0
28315246,0.0
28315328,0.0
28316102,0.0
28316007,0.0
28316019,0.0
28289687,0.0
28289645,0.0
28289570,0.0
28290626,0.0
28291210,0.0
28291829,0.0
28291960,0.0
28292017,0.0
28291629,0.0
28292502,0.0
28292259,0.0
28292292,0.0
28292524,0.0
28292532,0.0
28293314,0.0
28315613,0.0
28314387,0.0
28315956,0.0
28316031,0.0
28316021,0.0
28316061,0.0
28290822,0.0
28290755,0.0
28292375,0.0
28292463,0.0
28292935,0.0
28292980,0.0
28293206,0.0
28293382,0.0
28293749,0.0
28293677,0.0
28293426,0.0
28293769,0.0
28313507,0.0
28314372,0.0
28315051,0.0
28315000,0.0
28315582,0.0
28315186,0.0
28314950,0.0
28315589,0.0
28315570,0.0
28314962,0.0
28315509,0.0
28315816,0.0
28293829,0.0
28294463,0.0
28311878,0.0
28312708,0.0
28313299,0.0
28314130,0.0
28314596,0.0
28314620,0.0
28314309,0.0
28314832,0.0
28314907,0.0
28314876,0.0
28315296,0.0
28315236,0.0
28315066,0.0
28315663,0.0
28313321,0.0
28313463,0.0
28313601,0.0
28313923,0.0
28314211,0.0
28314581,0.0
28307769,0.0
28312341,0.0
28312471,0.0
28312826,0.0
28313133,0.0
28313127,0.0
28312969,0.0
28313341,0.0
28313189,0.0
28313342,0.0
28313503,0.0
28313452,0.0
28313756,0.0
28313430,0.0
28314108,0.0
28314441,0.0
28313973,0.0
28314262,0.0
28314379,0.0
28314471,0.0
28310552,0.0
28312497,0.0
28312980,0.0
28312713,0.0
28312977,0.0
28312884,0.0
28313204,0.0
28313074,0.0
28313631,0.0
28314003,0.0
28313893,0.0
28302606,0.0
28304193,0.0
28304314,0.0
28304524,0.0
28305333,0.0
28305591,0.0
28305708,0.0
28305040,0.0
28305642,0.0
28304956,0.0
28306245,0.0
28305876,0.0
28306520,0.0
28306079,0.0
28306398,0.0
28306035,0.0
28306333,0.0
28305284,0.0
28306372,0.0
28307143,0.0
28306742,0.0
28306770,0.0
28306885,0.0
28306842,0.0
28306595,0.0
28307286,0.0
28307571,0.0
28307250,0.0
28306666,0.0
28307570,0.0
28307169,0.0
28307780,0.0
28307282,0.0
28307529,0.0
28307392,0.0
28307867,0.0
28308047,0.0
28308063,0.0
28308344,0.0
28307756,0.0
28308334,0.0
28308561,0.0
28308376,0.0
28308545,0.0
28308867,0.0
28308544,0.0
28308962,0.0
28308721,0.0
28308735,0.0
28308998,0.0
28309131,0.0
28309183,0.0
28308758,0.0
28308849,0.0
28309292,0.0
28309803,0.0
28309752,0.0
28309831,0.0
28309597,0.0
28309945,0.0
28309593,0.0
28310098,0.0
28310262,0.0
28310352,0.0
28310769,0.0
28310192,0.0
28310555,0.0
28310603,0.0
28310205,0.0
28310448,0.0
28310507,0.0
28309428,0.0
28310643,0.0
28310990,0.0
28310725,0.0
28311543,0.0
28311347,0.0
28310476,0.0
28310976,0.0
28310925,0.0
28310860,0.0
28311398,0.0
28311551,0.0
28311304,0.0
28311004,0.0
28309605,0.0
28311467,0.0
28311754,0.0
28311511,0.0
28312112,0.0
28311822,0.0
28311801,0.0
28311752,0.0
28311202,0.0
28312006,0.0
28311669,0.0
28312509,0.0
28299745,0.0
28299307,0.0
28299458,0.0
28299572,0.0
28300022,0.0
28300002,0.0
28299868,0.0
28300012,0.0
28300119,0.0
28299382,0.0
28300222,0.0
28300275,0.0
28300232,0.0
28300060,0.0
28300908,0.0
28301460,0.0
28301309,0.0
28318707,0.0
28319152,0.0
28320285,0.0
28320495,0.0
28320313,0.0
28320815,0.0
28320454,0.0
28320897,0.0
28321259,0.0
28321445,0.0
28338657,0.0
28345934,0.0
28346156,0.0
28346683,0.0
28346614,0.0
28346629,0.0
28346715,0.0
28346695,0.0
28318751,0.0
28319858,0.0
28319983,0.0
28320133,0.0
28320471,0.0
28321003,0.0
28321431,0.0
28321428,0.0
28321601,0.0
28322020,0.0
28321690,0.0
28321670,0.0
28322108,0.0
28322008,0.0
28321746,0.0
28322312,0.0
28345925,0.0
28346102,0.0
28346160,0.0
28346384,0.0
28346319,0.0
28346309,0.0
28346442,0.0
28346545,0.0
28320326,0.0
28320935,0.0
28321024,0.0
28322116,0.0
28322179,0.0
28322283,0.0
28322972,0.0
28322813,0.0
28322971,0.0
28340156,0.0
28345379,0.0
28345871,0.0
28345889,0.0
28345699,0.0
28346170,0.0
28346284,0.0
28321560,0.0
28322321,0.0
28322371,0.0
28322639,0.0
28322566,0.0
28322784,0.0
28322798,0.0
28323031,0.0
28323239,0.0
28322477,0.0
28329459,0.0
28342367,0.0
28343593,0.0
28344068,0.0
28344098,0.0
28344659,0.0
28344191,0.0
28344851,0.0
28344175,0.0
28344632,0.0
28345113,0.0
28345148,0.0
28345225,0.0
28345473,0.0
28345249,0.0
28345011,0.0
28345383,0.0
28345291,0.0
28345510,0.0
28343449,0.0
28343527,0.0
28343749,0.0
28343902,0.0
28343769,0.0
28344486,0.0
28343898,0.0
28344868,0.0
28344481,0.0
28344443,0.0
28344734,0.0
28344845,0.0
28342155,0.0
28342645,0.0
28342878,0.0
28343018,0.0
28342936,0.0
28343232,0.0
28343387,0.0
28343314,0.0
28343684,0.0
28343695,0.0
28343189,0.0
28341424,0.0
28343290,0.0
28343923,0.0
28343828,0.0
28343907,0.0
28343463,0.0
28343717,0.0
28344402,0.0
28344493,0.0
28344526,0.0
28341430,0.0
28342355,0.0
28341918,0.0
28341802,0.0
28342911,0.0
28341747,0.0
28342968,0.0
28343184,0.0
28342603,0.0
28342877,0.0
28328848,0.0
28330352,0.0
28331740,0.0
28331968,0.0
28331614,0.0
28332195,0.0
28334282,0.0
28332622,0.0
28332506,0.0
28332502,0.0
28333594,0.0
28333219,0.0
28333465,0.0
28333880,0.0
28333622,0.0
28334665,0.0
28334270,0.0
28334475,0.0
28334584,0.0
28334726,0.0
28332247,0.0
28334342,0.0
28334536,0.0
28334450,0.0
28335129,0.0
28334826,0.0
28334648,0.0
28334724,0.0
28335332,0.0
28334971,0.0
28335036,0.0
28332383,0.0
28335254,0.0
28335183,0.0
28335518,0.0
28334848,0.0
28332748,0.0
28332988,0.0
28335896,0.0
28335728,0.0
28336165,0.0
28336361,0.0
28336355,0.0
28336035,0.0
28336136,0.0
28335924,0.0
28336605,0.0
28335941,0.0
28336846,0.0
28336624,0.0
28335465,0.0
28336687,0.0
28336459,0.0
28336762,0.0
28336815,0.0
28336337,0.0
28336812,0.0
28337229,0.0
28337273,0.0
28336969,0.0
28337081,0.0
28336974,0.0
28337024,0.0
28337187,0.0
28337845,0.0
28338320,0.0
28337703,0.0
28337883,0.0
28338068,0.0
28338389,0.0
28337918,0.0
28338836,0.0
28338398,0.0
28338568,0.0
28338495,0.0
28338346,0.0
28338526,0.0
28338654,0.0
28338190,0.0
28338545,0.0
28338908,0.0
28339203,0.0
28339151,0.0
28339331,0.0
28339347,0.0
28339774,0.0
28339606,0.0
28339379,0.0
28339833,0.0
28339820,0.0
28339577,0.0
28339679,0.0
28339116,0.0
28340308,0.0
28339600,0.0
28339433,0.0
28339935,0.0
28339575,0.0
28339783,0.0
28339856,0.0
28340290,0.0
28340344,0.0
28339928,0.0
28340391,0.0
28340276,0.0
28340090,0.0
28340085,0.0
28340577,0.0
28340250,0.0
28340633,0.0
28339869,0.0
28340599,0.0
28340592,0.0
28340768,0.0
28340814,0.0
28340932,0.0
28341135,0.0
28341496,0.0
28341674,0.0
28341399,0.0
28341406,0.0
28341926,0.0
28341887,0.0
28341275,0.0
28340983,0.0
28341405,0.0
28341590,0.0
28341899,0.0
28341997,0.0
28341250,0.0
28342435,0.0
28341845,0.0
28342698,0.0
28342647,0.0
28399298,0.0
28400091,0.0
28400817,0.0
28401462,0.0
28401616,0.0
28401887,0.0
28401750,0.0
28402015,0.0
28401985,0.0
28402120,0.0
28402196,0.0
28402129,0.0
28402216,0.0
28425043,0.0
28425152,0.0
28425232,0.0
28425342,0.0
28425400,0.0
28425452,0.0
28399418,0.0
28400579,0.0
28400758,0.0
28400936,0.0
28400615,0.0
28401177,0.0
28401463,0.0
28401176,0.0
28402199,0.0
28402565,0.0
28402193,0.0
28402270,0.0
28402085,0.0
28402324,0.0
28402380,0.0
28402894,0.0
28402542,0.0
28424688,0.0
28425074,0.0
28425008,0.0
28402127,0.0
28402208,0.0
28403057,0.0
28403221,0.0
28403481,0.0
28403367,0.0
28403487,0.0
28403368,0.0
28403230,0.0
28423599,0.0
28423736,0.0
28424092,0.0
28424174,0.0
28424289,0.0
28424535,0.0
28424764,0.0
28424697,0.0
28424749,0.0
28424813,0.0
28424916,0.0
28402682,0.0
28402968,0.0
28403417,0.0
28403674,0.0
28403642,0.0
28403839,0.0
28404219,0.0
28404078,0.0
28404483,0.0
28412093,0.0
28423095,0.0
28423731,0.0
28423570,0.0
28423659,0.0
28423813,0.0
28424028,0.0
28424011,0.0
28423836,0.0
28424182,0.0
28424255,0.0
28424393,0.0
28424514,0.0
28424485,0.0
28417804,0.0
28418224,0.0
28420844,0.0
28422504,0.0
28422513,0.0
28422869,0.0
28422991,0.0
28422483,0.0
28423049,0.0
28423236,0.0
28423381,0.0
28423394,0.0
28423658,0.0
28423699,0.0
28423791,0.0
28423820,0.0
28423585,0.0
28423749,0.0
28423867,0.0
28417584,0.0
28421366,0.0
28422217,0.0
28422525,0.0
28422232,0.0
28422519,0.0
28422644,0.0
28422720,0.0
28422809,0.0
28423070,0.0
28420427,0.0
28420893,0.0
28421722,0.0
28421417,0.0
28421390,0.0
28421979,0.0
28422311,0.0
28422012,0.0
28422916,0.0
28422932,0.0
28409079,0.0
28410990,0.0
28412287,0.0
28411980,0.0
28412888,0.0
28412444,0.0
28411809,0.0
28412905,0.0
28412829,0.0
28412769,0.0
28413316,0.0
28413245,0.0
28413255,0.0
28413629,0.0
28413456,0.0
28413455,0.0
28413796,0.0
28413653,0.0
28413899,0.0
28413925,0.0
28413530,0.0
28414530,0.0
28414022,0.0
28414125,0.0
28413956,0.0
28413903,0.0
28414480,0.0
28414197,0.0
28414163,0.0
28414707,0.0
28414688,0.0
28414790,0.0
28414967,0.0
28415040,0.0
28415173,0.0
28414402,0.0
28415425,0.0
28415366,0.0
28415192,0.0
28415002,0.0
28415321,0.0
28415107,0.0
28415119,0.0
28415668,0.0
28415564,0.0
28415905,0.0
28415709,0.0
28415426,0.0
28415695,0.0
28416146,0.0
28415956,0.0
28416043,0.0
28415657,0.0
28415859,0.0
28416365,0.0
28416133,0.0
28416402,0.0
28415965,0.0
28416181,0.0
28416435,0.0
28416429,0.0
28416753,0.0
28416782,0.0
28416523,0.0
28416417,0.0
28416202,0.0
28416471,0.0
28417369,0.0
28416601,0.0
28417735,0.0
28416838,0.0
28417058,0.0
28417145,0.0
28417734,0.0
28417182,0.0
28417479,0.0
28417651,0.0
28417313,0.0
28417860,0.0
28417543,0.0
28418037,0.0
28418177,0.0
28418527,0.0
28415838,0.0
28418451,0.0
28418478,0.0
28418579,0.0
28419058,0.0
28418893,0.0
28418845,0.0
28418965,0.0
28419506,0.0
28418842,0.0
28418798,0.0
28419335,0.0
28418886,0.0
28419408,0.0
28419117,0.0
28419330,0.0
28419508,0.0
28419904,0.0
28419232,0.0
28419482,0.0
28419871,0.0
28419732,0.0
28420016,0.0
28420146,0.0
28420075,0.0
28420235,0.0
28420372,0.0
28420214,0.0
28420614,0.0
28420396,0.0
28419879,0.0
28420902,0.0
28421005,0.0
28420831,0.0
28420538,0.0
28420951,0.0
28420514,0.0
28420739,0.0
28420846,0.0
28421120,0.0
28421146,0.0
28420896,0.0
28421665,0.0
28421364,0.0
28421863,0.0
28429090,0.0
28429311,0.0
28429850,0.0
28429997,0.0
28429827,0.0
28429987,0.0
28429912,0.0
28430250,0.0
28430990,0.0
28445771,0.0
28452765,0.0
28452843,0.0
28452992,0.0
28427765,0.0
28429356,0.0
28429035,0.0
28430055,0.0
28430300,0.0
28430519,0.0
28430516,0.0
28430334,0.0
28430485,0.0
28430784,0.0
28430736,0.0
28430536,0.0
28430870,0.0
28450208,0.0
28451663,0.0
28451996,0.0
28452342,0.0
28451430,0.0
28452359,0.0
28452481,0.0
28452836,0.0
28428914,0.0
28429014,0.0
28430110,0.0
28431026,0.0
28431116,0.0
28429670,0.0
28431225,0.0
28431808,0.0
28431405,0.0
28431876,0.0
28431849,0.0
28431490,0.0
28431847,0.0
28451415,0.0
28451908,0.0
28451966,0.0
28451869,0.0
28452344,0.0
28452194,0.0
28452441,0.0
28452381,0.0
28430569,0.0
28431434,0.0
28431038,0.0
28431942,0.0
28432925,0.0
28432877,0.0
28437919,0.0
28449165,0.0
28450316,0.0
28450410,0.0
28451181,0.0
28451485,0.0
28451223,0.0
28451628,0.0
28451816,0.0
28451686,0.0
28451919,0.0
28450155,0.0
28451033,0.0
28450917,0.0
28451008,0.0
28451421,0.0
28450673,0.0
28451214,0.0
28451552,0.0
28451354,0.0
28444268,0.0
28449478,0.0
28450392,0.0
28450199,0.0
28449738,0.0
28450032,0.0
28450332,0.0
28450376,0.0
28450365,0.0
28450476,0.0
28449772,0.0
28450633,0.0
28451043,0.0
28450962,0.0
28450940,0.0
28451166,0.0
28451473,0.0
28447100,0.0
28448368,0.0
28448350,0.0
28449348,0.0
28449546,0.0
28449911,0.0
28449955,0.0
28449730,0.0
28449374,0.0
28450564,0.0
28450630,0.0
28437281,0.0
28437131,0.0
28441424,0.0
28441784,0.0
28442499,0.0
28442578,0.0
28442421,0.0
28442383,0.0
28443261,0.0
28443363,0.0
28443034,0.0
28443306,0.0
28443292,0.0
28443708,0.0
28443338,0.0
28443505,0.0
28443497,0.0
28444370,0.0
28444189,0.0
28444383,0.0
28444410,0.0
28444205,0.0
28444388,0.0
28444255,0.0
28444269,0.0
28444457,0.0
28444534,0.0
28443949,0.0
28444723,0.0
28444518,0.0
28444746,0.0
28445182,0.0
28444696,0.0
28444491,0.0
28445309,0.0
28445433,0.0
28445229,0.0
28445466,0.0
28445543,0.0
28445694,0.0
28445556,0.0
28446262,0.0
28444509,0.0
28445713,0.0
28445429,0.0
28445818,0.0
28445860,0.0
28446710,0.0
28445953,0.0
28445861,0.0
28446217,0.0
28446133,0.0
28446123,0.0
28445852,0.0
28446148,0.0
28446849,0.0
28446627,0.0
28446748,0.0
28446246,0.0
28446611,0.0
28446579,0.0
28446591,0.0
28446873,0.0
28447185,0.0
28447026,0.0
28447083,0.0
28447362,0.0
28447249,0.0
28447213,0.0
28447223,0.0
28447211,0.0
28447286,0.0
28447075,0.0
28448027,0.0
28447946,0.0
28447398,0.0
28447944,0.0
28448264,0.0
28448051,0.0
28448324,0.0
28448521,0.0
28448676,0.0
28448564,0.0
28448656,0.0
28448340,0.0
28448135,0.0
28448962,0.0
28448559,0.0
28449062,0.0
28449048,0.0
28449148,0.0
28449515,0.0
28449120,0.0
28456158,0.0
28457448,0.0
28457591,0.0
28457463,0.0
28458037,0.0
28457893,0.0
28457602,0.0
28458038,0.0
28458017,0.0
28458015,0.0
28458188,0.0
28481258,0.0
28481316,0.0
28456532,0.0
28457428,0.0
28456958,0.0
28458090,0.0
28458136,0.0
28458511,0.0
28458866,0.0
28458413,0.0
28459453,0.0
28481001,0.0
28480980,0.0
28481078,0.0
28456584,0.0
28456785,0.0
28457370,0.0
28458183,0.0
28458656,0.0
28458986,0.0
28459468,0.0
28458851,0.0
28459450,0.0
28458813,0.0
28459542,0.0
28459510,0.0
28479491,0.0
28479957,0.0
28480632,0.0
28480746,0.0
28480697,0.0
28480638,0.0
28480917,0.0
28473043,0.0
28474497,0.0
28476999,0.0
28479516,0.0
28479680,0.0
28479740,0.0
28479625,0.0
28480124,0.0
28480328,0.0
28474186,0.0
28476957,0.0
28478581,0.0
28478703,0.0
28478723,0.0
28478603,0.0
28479350,0.0
28479561,0.0
28479524,0.0
28479522,0.0
28479511,0.0
28479715,0.0
28479640,0.0
28479869,0.0
28479812,0.0
28479687,0.0
28480200,0.0
28472707,0.0
28473068,0.0
28477632,0.0
28478434,0.0
28477977,0.0
28478338,0.0
28478167,0.0
28478623,0.0
28478619,0.0
28478636,0.0
28478832,0.0
28478979,0.0
28479259,0.0
28478961,0.0
28479279,0.0
28479332,0.0
28479546,0.0
28479627,0.0
28475102,0.0
28476896,0.0
28476863,0.0
28477778,0.0
28477722,0.0
28478109,0.0
28478037,0.0
28477869,0.0
28478170,0.0
28478879,0.0
28464991,0.0
28468756,0.0
28469492,0.0
28470120,0.0
28470224,0.0
28470514,0.0
28470527,0.0
28470550,0.0
28470621,0.0
28470838,0.0
28471219,0.0
28471225,0.0
28470631,0.0
28471354,0.0
28471648,0.0
28471272,0.0
28471474,0.0
28471710,0.0
28471747,0.0
28472196,0.0
28472386,0.0
28472324,0.0
28472256,0.0
28472080,0.0
28472062,0.0
28471984,0.0
28472563,0.0
28472582,0.0
28472618,0.0
28472398,0.0
28472318,0.0
28472251,0.0
28472964,0.0
28473114,0.0
28473047,0.0
28473549,0.0
28473127,0.0
28473252,0.0
28473368,0.0
28473337,0.0
28473605,0.0
28473622,0.0
28473414,0.0
28473717,0.0
28473902,0.0
28474137,0.0
28473934,0.0
28473795,0.0
28473950,0.0
28474012,0.0
28473834,0.0
28474466,0.0
28474581,0.0
28474615,0.0
28474955,0.0
28474752,0.0
28474775,0.0
28474659,0.0
28474986,0.0
28474781,0.0
28475243,0.0
28475576,0.0
28475292,0.0
28475394,0.0
28475421,0.0
28475239,0.0
28475760,0.0
28475471,0.0
28475687,0.0
28475765,0.0
28475598,0.0
28475743,0.0
28476277,0.0
28476118,0.0
28476412,0.0
28476468,0.0
28473191,0.0
28476765,0.0
28476457,0.0
28476537,0.0
28476913,0.0
28476475,0.0
28476760,0.0
28476928,0.0
28477272,0.0
28477408,0.0
28477550,0.0
28485110,0.0
28485817,0.0
28485925,0.0
28485795,0.0
28486032,0.0
28486491,0.0
28486695,0.0
28510148,0.0
28510280,0.0
28510206,0.0
28510528,0.0
28510421,0.0
28510454,0.0
28483706,0.0
28483688,0.0
28484754,0.0
28485002,0.0
28485935,0.0
28485357,0.0
28485872,0.0
28485771,0.0
28486641,0.0
28486471,0.0
28486661,0.0
28487026,0.0
28486650,0.0
28509316,0.0
28509428,0.0
28509405,0.0
28509754,0.0
28509772,0.0
28509793,0.0
28510238,0.0
28510201,0.0
28510237,0.0
28485118,0.0
28485247,0.0
28486763,0.0
28486576,0.0
28487153,0.0
28487240,0.0
28487312,0.0
28487073,0.0
28487404,0.0
28487881,0.0
28487540,0.0
28487833,0.0
28487745,0.0
28487898,0.0
28487909,0.0
28509257,0.0
28509562,0.0
28509755,0.0
28509840,0.0
28505985,0.0
28508087,0.0
28508726,0.0
28508590,0.0
28509015,0.0
28509065,0.0
28508847,0.0
28509255,0.0
28509240,0.0
28508958,0.0
28509521,0.0
28509848,0.0
28494695,0.0
28507167,0.0
28507390,0.0
28508054,0.0
28508251,0.0
28508885,0.0
28508854,0.0
28501907,0.0
28506362,0.0
28506586,0.0
28507441,0.0
28506892,0.0
28507131,0.0
28506805,0.0
28507179,0.0
28507258,0.0
28507696,0.0
28507749,0.0
28507268,0.0
28507602,0.0
28507681,0.0
28507635,0.0
28508145,0.0
28505934,0.0
28508250,0.0
28508430,0.0
28508669,0.0
28508564,0.0
28496428,0.0
28501485,0.0
28505302,0.0
28506554,0.0
28506391,0.0
28506877,0.0
28506870,0.0
28507204,0.0
28505408,0.0
28507715,0.0
28507949,0.0
28507883,0.0
28493512,0.0
28494721,0.0
28494604,0.0
28496079,0.0
28498835,0.0
28498551,0.0
28498989,0.0
28497986,0.0
28499279,0.0
28499668,0.0
28499635,0.0
28499372,0.0
28499804,0.0
28499871,0.0
28499759,0.0
28499788,0.0
28498970,0.0
28500147,0.0
28500180,0.0
28500059,0.0
28500437,0.0
28500521,0.0
28500599,0.0
28500955,0.0
28500604,0.0
28501052,0.0
28501105,0.0
28500759,0.0
28499892,0.0
28500301,0.0
28501218,0.0
28501041,0.0
28501063,0.0
28501437,0.0
28501371,0.0
28500831,0.0
28501342,0.0
28501601,0.0
28501416,0.0
28501711,0.0
28502445,0.0
28502419,0.0
28501941,0.0
28501577,0.0
28501649,0.0
28502399,0.0
28502141,0.0
28501957,0.0
28500857,0.0
28502382,0.0
28502854,0.0
28502000,0.0
28502828,0.0
28503301,0.0
28503336,0.0
28503712,0.0
28503633,0.0
28503788,0.0
28503469,0.0
28503887,0.0
28503637,0.0
28503648,0.0
28503915,0.0
28504361,0.0
28504332,0.0
28503566,0.0
28504144,0.0
28504595,0.0
28504413,0.0
28504696,0.0
28504198,0.0
28504046,0.0
28504745,0.0
28503810,0.0
28505095,0.0
28504914,0.0
28504653,0.0
28504284,0.0
28504628,0.0
28504538,0.0
28504748,0.0
28504447,0.0
28504703,0.0
28504964,0.0
28505461,0.0
28505381,0.0
28505598,0.0
28505826,0.0
28505271,0.0
28505707,0.0
28505819,0.0
28503706,0.0
28504752,0.0
28506104,0.0
28505657,0.0
28506170,0.0
28506307,0.0
28506564,0.0
28506210,0.0
28506697,0.0
